tag,word,word_count
NN,arrest,3
VBN,constructed,1
NN,share,1
NN,followthrough,1
NNS,Awards,1
NNS,events,1
NN,hardware,1
NNS,activities,4
CD,201220162017,1
NN,APIs,13
NNS,Libraries,1
NN,drivesinnovation,1
VBG,sending,2
NN,SharePoint,6
VBG,Providing,1
RB,only,3
JJ,Fundamental,1
NN,Info,2
VBN,used,5
RB,atmosphere,1
NN,abstract,1
NNS,offices,6
VB,EVerify,2
NN,leader,5
NN,implement,7
NN,Reactjs,1
NN,industryn,1
NN,Techserve,1
NNS,guidelines,1
JJ,Desirable,1
NN,world,10
NN,refinement,1
CD,46,1
NN,entertainment,3
NN,citys,1
NNS,trails,1
NN,Track,1
NNS,attendees,1
NN,earliestjobdescriptionWebex,1
NN,neighborhood,1
VBN,talented,3
PRP,us,18
NN,Columbus,1
NN,youjobdescriptionWe,1
NN,participation,1
NN,Cambridge,2
NNS,smartwatchwearables,1
VBG,coding,2
NN,desktop,1
VBN,WebMobilebased,1
NN,bus,1
NN,charter,1
JJ,real,5
NNS,Hires,1
NNS,criteria,1
NN,evaluate,3
NN,elegant,2
NN,transformation,3
NN,Recruiter,1
NNS,patterns,9
IN,out,9
JJ,Live,1
WP,Who,4
NN,Asia,1
NN,travel,4
NN,floor,1
NN,Research,2
CD,15m,1
NNS,techniques,4
WDT,which,11
NN,part,7
IN,like,9
JJ,ready,2
NN,stack,5
NN,WindowsMac,1
NNP,USA,2
NNS,movies,1
VBN,Managed,1
NN,Expertise,4
RB,approximately,1
JJ,Solid,9
NNS,creates,1
NN,ActiveRecord,1
RB,primarily,3
NN,platform,19
NN,REQUIRED,1
NN,security,3
NN,contract,3
NN,race,12
NN,family,1
NNS,Startups,1
VBD,walkjobdescriptionAcquired,1
NN,Assurance,1
NN,patient,1
NNS,subprojects,1
NNS,Offices,1
JJ,active,2
NNS,Perks,1
VBD,began,1
NN,origin,12
NN,grow,3
NN,Galileo,2
VBG,weighing,1
NN,Management,6
VBG,interfacing,3
NNP,United,5
NNP,Flatiron,2
NN,Waterfall,1
NN,benefit,2
NNS,Masters,1
VBG,Matching,1
VBN,Modified,1
NN,Mandatory,1
NN,receive,8
NNS,screens,1
NN,discount,1
JJ,global,2
JJ,wide,3
NN,package,5
JJ,Low,1
IN,upon,1
JJ,solid,1
RB,statusjobdescriptionWere,1
VBG,Thriving,1
NN,navigation,1
DT,some,3
NNS,masters,1
NNS,Applications,9
NN,HLD,1
NNS,Identifies,2
NNS,conferences,2
NN,color,13
NN,solve,4
NN,query,2
VBG,focusing,1
VBN,ObjectOriented,1
VBN,created,1
NN,inperson,1
NN,Location,7
NN,react,1
NNS,views,1
NN,money,1
NN,Conduct,2
VBG,recommending,1
NN,broader,1
VB,make,10
VBG,emerging,4
JJ,opportunityaffirmative,1
NNS,Shores,1
VB,see,1
NN,Has,1
NN,assistance,4
RB,Fully,2
NN,discriminate,3
DT,every,5
NNS,reports,2
NN,ADs,2
IN,Under,1
NN,s,3
NN,System,1
NN,GitHub,1
NN,inhouse,1
NNP,District,3
NNS,courses,2
NN,authorization,1
JJS,OpenBest,1
NN,everyday,2
NN,click,2
NN,iconic,1
NN,hone,1
NN,womenjobdescriptionJob,1
NN,lead,10
NN,PickTrace,5
NN,document,1
VBZ,has,6
NN,Tuition,1
NN,WEBSITE,1
NN,offline,1
NN,coursework,2
NN,quality,11
NN,multibillion,1
VBG,simplifying,1
JJ,Deep,4
NN,standard,3
NNS,assignments,2
VBG,messaging,3
JJ,Equal,11
NN,okhttp,1
NN,Cisco,8
NNS,walls,1
NNP,Commission,1
JJ,Summary,1
NN,Healthcare,3
NN,signon,1
NN,strive,2
NN,hackathon,1
NNS,learns,2
VB,Go,1
NN,Help,3
NN,httpswwwtandemdiabetescomcareerslifeattandem,1
NN,HSA,1
NN,skillset,1
NN,guidance,4
NN,FormsMVCWeb,1
IN,between,4
JJS,fastest,3
VBN,employed,1
NN,Passion,2
NN,way,7
NNS,notebooks,1
JJ,generous,1
NNS,applies,2
NN,judgment,1
NN,Cash,1
NN,Ruby,2
NN,growth,7
NN,Director,1
VB,Do,2
NN,DHS,2
VBG,connecting,3
NNS,prescribed,1
VBN,committed,3
NN,pregnancy,2
VB,know,3
NN,crossplatform,2
NN,EC2,1
CD,5001000,1
NN,Growth,1
VBN,mediabased,1
NNS,adapts,1
NN,endtoend,3
NNS,enhancements,4
NN,ONLY,1
CD,000,1
NN,foundation,1
NNS,Companies,1
NN,scalability,2
NNS,restaurants,2
VBG,acting,1
NN,Alto,1
NN,provider,3
NNS,Bonuses,1
NN,robust,1
NN,CPS,3
NN,Account,1
NN,hear,1
VBG,Participating,1
NN,Tech,1
IN,than,8
NN,purchasing,1
NN,honoree,1
RB,very,1
NN,moderatelycomplex,1
NNS,environments,5
NN,resume,2
NNP,Phoenix,2
VBG,investing,1
NN,MA,2
NN,Dont,1
NN,OOPOOD,1
JJ,recent,1
NN,LinkedIn,1
NNS,Disabilities,2
NN,television,1
NNS,tags,1
NNS,lounges,1
NN,AgileSCRUM,3
NN,considerationjobdescriptionWe,1
NN,ton,1
NNP,Australia,1
NN,characterize,1
NN,distribution,1
VBN,encouraged,1
VB,consider,2
JJ,intuitive,1
NN,OpenGL,2
NN,enhance,4
NNS,Guidelines,1
NN,configuration,2
JJ,easy,1
VBG,walking,1
NN,nurture,1
NN,Deploy,1
NNS,details,3
NN,youll,5
NNS,selfevaluations,1
NN,Scrum,5
NN,face,1
NN,Verification,1
NNS,deadlines,3
JJ,Global,3
NNS,versions,1
NNS,farmworkers,1
JJ,regulatory,1
VBN,nestled,1
NN,Pointe,1
VBN,headquartered,1
NN,tacos,1
NNP,Service,1
NNS,markets,1
CD,68,1
JJ,nimble,1
NN,Configure,1
JJ,overall,1
NNS,contractors,2
NN,WPF,1
NN,Cross,1
NNS,positions,1
NN,Seattle,2
NN,suite,1
NN,Review,1
JJ,central,1
NN,RWD,1
NN,clientside,2
CD,7,2
RB,privately,2
NN,edge,3
NN,experience5,1
VBN,named,1
NN,Cinco,1
NN,Compliant,1
NN,Lead,12
NN,apple,1
NN,Interoperability,1
JJ,different,5
NN,employment,15
NN,twc,1
NN,Action,5
NN,gathering,3
JJ,rich,3
NN,transport,1
VBG,driving,3
NNP,Louisville,1
NN,point,1
VBG,overlapping,1
NN,Poster,1
NNS,engages,1
NN,SOAP,2
JJ,memorable,1
NN,Numerator,1
NNS,charts,1
JJ,second,1
NN,Store,2
JJ,equal,5
NN,interest,1
NN,maintenance,3
TO,to,321
NN,calendar,2
NNS,extremes,1
CD,000jobdescriptionjobdescriptionLOCAL,1
NNS,aims,1
NN,Photoshop,1
NNS,businessfunctions,1
NNS,amenities,2
NNP,Kanban,1
NN,style,1
JJ,Federal,1
NN,encourage,3
NNS,backgrounds,1
NN,detail,1
NN,applicationhardware,1
CD,10,2
VBZ,is,124
NN,specialization,1
NN,Source,1
VBN,identified,2
JJ,experienced,7
NNS,devices,8
NNS,holidays,2
NNS,Solidworks,1
NNS,publications,1
NN,drug,1
NN,minimal,2
JJ,Casual,1
IN,during,3
DT,the,258
NN,MI,1
VB,Vuetify,1
NN,Deliver,1
NN,Product,6
NNP,York,2
NN,StateoftheArt,1
NN,menus,1
NN,simpletouse,1
NN,Delivery,2
VBN,broadlybased,1
JJ,municipal,1
NN,relentless,1
NNP,Trust,1
NN,household,1
NN,stop,1
CD,2017,3
NNS,Jenkins,2
NNP,Gas,1
JJ,sustainable,5
NN,orientation,10
RB,too,1
NN,YoY,1
NN,XCode,2
NN,SVUS,1
NN,feasibility,1
NN,assist,3
RB,Really,1
VBN,expunged,1
NN,work,50
NNS,quotes,1
NN,time,17
NNS,PickTraces,1
NN,span,1
VB,organize,1
NN,craft,1
VB,Give,1
VBG,exciting,3
JJ,own,3
NN,problem,3
NN,nonmerit,1
NN,VBNET,3
VBN,Demonstrated,12
VBN,preferred,16
VBG,sustaining,1
NN,technologyindustry,1
NN,eligibility,4
VBN,established,1
NN,neat,1
CD,one,20
NN,customdeveloped,1
JJ,Many,1
CD,2018,7
NNS,months,1
IN,on,94
NN,forconsideration,1
NN,Linux,1
VB,identify,3
NN,plusjobdescriptionKforce,1
NN,React,6
WP,What,9
JJ,able,6
NN,send,2
NN,Dickenson,2
NN,stellar,2
NN,iOS,34
NN,Document,1
NNP,June,2
NN,BHN,1
NN,thoughtbot,5
NNS,Principals,1
NN,maximum,1
VBG,pricking,1
CD,3rd,2
NN,center,1
DT,Bluetooth,3
RB,rather,1
NN,end,8
NN,cycle,5
JJ,happy,1
NNS,designers,4
RB,constantly,1
NN,advance,2
NN,NTier,1
NNS,requirements,22
NN,Job,10
NN,intranet,1
NN,Employment,5
NNP,Michigan,1
NN,College,1
NN,product,26
NN,Advocate,1
NN,tech,4
NN,inclusion,1
NN,reach,1
NN,computer,5
VBN,Driven,1
JJ,Other,2
NN,extensibility,1
NN,hearing,2
NN,spectrum,3
JJ,Top,4
WRB,when,4
VBG,ranging,1
NN,Objective,3
NNS,stakeholders,5
VBG,deploying,2
NN,Pump,1
VBG,integrating,3
NN,job,7
NNS,tests,8
NN,party,2
NN,Assist,1
NN,built,3
NN,Net2Source,5
VBN,called,2
NN,support,15
VBG,improving,3
PRP,You,28
NN,Explorer,1
NNS,Opportunities,1
NNS,practices,22
NN,balance,4
NN,Package,1
CD,12,2
NN,Engineer,16
NN,JavaScript,7
NN,Unity,1
NN,tslim,1
VBG,breaking,1
VBG,changing,4
NN,density,1
RB,occasionally,1
NN,button,1
NN,Denver,1
VBN,offered,1
NN,SkillsjobdescriptionjobdescriptionAndroid,1
IN,along,1
NN,landmark,1
RB,architecturally,1
VBN,welldesigned,2
JJ,dynamic,5
NN,Principal,3
NNS,sites,1
NN,mission,1
NN,GroupjobdescriptionA,1
NN,evolve,1
NN,learn,8
NNS,roles,1
NN,Frequent,1
IN,with,270
NN,Payroll,1
NN,uniqueness,1
NN,input,4
NN,integration,9
NN,dress,1
NN,machinery,1
NN,Auto,3
NNS,accommodations,1
NN,ecosystem,2
VBG,partnering,1
NN,company,17
NNS,enterprises,2
PRP$,your,34
NN,biking,1
NN,education,4
NN,era,1
NNS,processors,1
RB,sphere,1
NN,Smart,1
NN,Software,12
RB,timely,1
NN,Ext,1
JJ,great,9
NN,Skill,2
NNP,FINANCIAL,1
NN,Workplace,1
JJ,viable,1
NN,apps,18
NN,creativity,2
NN,Type,2
VBN,Paid,1
NN,servicescompany,1
NN,everyone,2
NNS,points,1
RB,easily,1
PRP$,Your,3
NNS,Analysts,3
VBG,debugging,2
NN,board,1
VBG,serving,1
CD,3day,1
RB,there,2
VBN,SOAPbased,1
VB,leave,2
NN,core,3
VBN,microservicesbased,1
JJ,single,1
RB,rapidly,2
IN,against,1
NN,innovation,6
VBN,improved,1
CD,11,1
NN,Duration,2
NN,Analyst,1
NNS,Regards,1
NN,Mobile,17
NNP,America,5
NN,Environment,1
JJ,eligible,2
NN,leadership,4
NN,SUMMARY,1
NN,AS400,1
CD,500000,1
JJ,necessary,1
NNS,develops,1
NNS,Months,2
NN,eg,1
NN,stake,1
JJ,Primary,3
NN,eager,2
NNS,posts,1
NN,accommodation,1
NN,copy,1
NN,vision,8
NNP,Energy,2
NNS,Hours,1
NN,Are,2
NN,MAJOR,1
NN,bonus,4
NN,Income,1
NN,bug,1
NN,Mclean,1
NN,engineering,17
NN,willingness,1
NNS,interfaces,4
NN,Swift,13
NNS,consumers,2
NN,orexpression,1
NN,OregONEligibility,1
NN,wiki,1
NN,review,4
NN,Flow,1
NNS,thats,2
JJ,creative,4
VBG,Planning,2
NN,impgocom,1
NNS,supports,3
NN,relative,1
NNS,Milpitas,1
NNS,sets,1
NN,behalf,1
NNS,RolesResponsibilities,1
NNS,wireframes,2
NN,PTOjobdescriptionPosition,1
NNS,Techniques,1
NN,robustness,2
JJ,retail,1
NN,visualization,1
NNS,platforms,11
NN,responsiveness,1
NN,Video,1
VBG,developing,25
NN,read,2
NN,digital,13
NNS,Cryotronics,3
NN,division,1
NN,sitejobdescriptionOur,1
NN,term,1
NN,clean,4
NNS,coworkers,1
NN,proficiency,1
NN,ofAccenture,1
RB,So,1
NN,Government,3
JJ,independent,1
NNS,Reasons,1
NN,hire,4
NN,photo,1
NNS,components,2
VBN,dedicated,4
NN,Opportunity,10
NN,costumecontest,1
CD,100,3
JJ,general,5
NNS,cultures,1
NN,Network,2
NN,development,114
VBG,coworking,1
NN,Application,4
PRP,it,5
NNS,capabilities,5
VB,Bring,1
NN,Ideal,1
NN,Conversion,1
JJS,Fastest,2
NN,bestknown,1
JJ,educational,1
JJ,analytical,3
NN,River,2
NN,role,7
NNS,maintains,1
NN,Youll,4
NN,UIKit,1
IN,of,302
NN,RxJava,2
CD,5,10
NN,Sale,2
NN,NYC,4
NN,LAMP,1
NN,Membership,1
NN,Everything,1
NN,Fulltime,1
NN,DAC,1
NN,Halloween,1
NNS,principles,6
NN,Ascension,13
NN,SDKs,1
NN,expertise,12
NN,custom,1
NN,compliance,1
NN,membership,2
JJ,full,7
VB,Produce,1
NN,quo,1
VB,Weve,2
NNS,drives,2
NNS,sensors,1
NN,become,3
NN,Holiday,1
NN,Quality,2
NN,link,4
RBR,less,1
NN,train,1
NN,marketing,9
IN,through,17
NNS,discussions,2
NN,curate,1
NN,Email,1
NN,engage,3
NN,PHP,2
NN,excellent,2
NN,delight,3
NNS,values,1
NN,Shape,1
VBN,based,10
NN,join,8
NN,UK,1
NN,master,1
NN,ship,4
NN,assignment,1
NN,verbal,2
NN,operating,1
NN,trust,1
NN,serve,5
NN,execute,2
NNP,Kotlin,12
NN,Plus1,1
NN,BABS,1
NNP,New,2
IN,Like,1
NNS,Tandems,3
NNS,libraries,8
JJ,federal,1
NN,Contact,1
VBZ,follows,1
NN,Proficient,9
VBN,covered,2
NN,research,1
NN,mobility,4
NN,basisjobdescriptionImmediate,1
NN,FTE,1
NNS,brands,3
NN,concept,2
NN,website,6
NN,RPO,1
NN,propose,1
NN,street,1
NNS,requirementsrules,1
NN,usability,3
NN,thorough,1
JJ,unmatched,2
NNS,countries,6
NN,Field,1
NN,selflearner,1
NN,Join,5
VBG,challenging,2
NN,Interest,2
NN,SelfSufficiency,1
JJ,academic,1
VBN,demonstrated,5
NN,project,16
NN,Club,3
VBN,trusted,1
NN,sought,2
NN,SVN,1
NNS,Sheets,1
PRP,We,55
IN,inside,1
NNS,CANDIDATES,1
VBG,upcoming,2
NNS,conditions,1
JJS,largest,6
NN,Science,11
NN,Shore,3
NNS,milestones,1
NN,Note,1
NNP,Angeles,1
NN,date,1
VBG,exploring,1
NNS,updates,4
NN,Visit,2
NN,round,1
RB,boldly,2
VBG,Working,6
VB,Lake,4
NN,feedbackcommunication,1
NN,charge,1
VB,Call,1
VBN,substituted,1
VBN,NETbased,1
NN,FY2018,1
NN,liaison,1
IN,off,8
VBN,protected,12
NN,SOLID,1
JJ,willing,1
RB,frequently,2
NN,Developer,21
NN,EngineerjobdescriptionDay,1
NN,status,24
NN,workspace,1
NN,RESPONSIBILITIES,1
NN,fluid,2
VBN,Adjusted,1
VB,Please,3
NNS,Oregonians,1
VBG,troubleshootingdebugging,1
RB,businessdriven,1
NNS,Candidates,4
JJ,Local,1
JJ,critical,3
VBN,raised,1
NN,business,24
CD,2,9
NN,teach,1
NN,human,1
IN,After,1
NN,context,1
NN,shift,1
NN,ROLE,2
DT,either,2
NNS,pools,1
NN,CS,1
VBG,supporting,3
NN,postgraduate,1
NN,learner,2
NNS,days,3
VBG,rewarding,1
UH,Yes,1
NN,cure,1
JJ,reusable,2
NN,IE,6
NN,Hangout,1
NN,manufacturer,1
NN,maturity,1
NN,DOE,1
NN,revolution,3
NN,panel,1
JJ,Natural,1
PRP,they,3
NN,tell,1
NN,wellness,1
NN,Vision,2
NN,define,6
NNS,Details,1
NN,art,4
NNS,Whats,2
VBD,backed,1
NN,component,1
NN,Serve,1
VB,Everify,1
UH,OH,1
NN,Excel,1
NN,app,13
NN,startup,5
NN,Angularjs,1
NN,goal,4
JJ,personal,2
NNS,improvements,2
NN,collaboration,8
VBG,following,2
NN,communicate,2
NN,cable,3
NN,age,8
NN,care,9
NNS,developments,3
NNS,demographics,1
NN,onsite,1
NN,Excellent,8
JJ,interactive,2
VBN,discriminated,1
VBN,delivered,2
CD,million,4
NN,offsite,1
NN,Winner,1
NNS,growers,1
VBG,hiring,5
MD,may,6
NNS,Diabetes,1
NN,PTOSick,1
NN,pair,1
MD,would,10
NN,keen,1
NN,twoblock,1
NN,visit,1
NN,Content,4
JJ,Competitive,2
VBG,DeliveryMaintenenceTesting,1
NNS,lines,4
NNP,California,1
JJ,sexual,10
IN,in,250
NNS,caseworkers,1
JJ,hydromechanical,3
NN,gamut,1
NN,deeper,1
NN,range,3
NN,SUPPORT,1
NNS,Systems,9
NNP,Canada,1
NNS,competitors,1
NN,Javascript,1
NN,analysis,6
VB,Galvanize,1
VBG,dreaming,1
NN,Supplement,1
JJ,influential,1
NNS,projects,28
NN,SSIS,1
NN,UIUX,2
NN,Contribute,3
NN,DevOps,4
NNS,Tools,1
NN,Mainframe,1
VBG,growing,6
NN,purposeful,1
VBG,Documenting,1
IN,from,31
VBN,customized,2
NN,opportunity,13
NN,treat,1
NN,highquality,7
NN,Bellevue,1
VBG,caching,1
VBG,selfdocumenting,1
JJ,specific,2
NN,audio,1
NN,recruitment,2
NN,ARMR,1
VBG,organizing,3
NNS,opportunities,4
NN,control,5
VBG,Developing,7
NN,trading,1
CC,or,104
NN,DB2,2
NN,degree,14
NN,esktop,1
VBG,participating,1
NNS,Sales,3
NNS,visuals,1
VB,do,8
VBG,modeling,2
NN,agriculturespecific,1
NN,manageability,1
NNS,sitemaps,1
NNS,tons,1
NNS,tickets,1
NN,Dental,3
NN,email,3
NN,test,12
VBN,disclosesealed,1
NN,Ability,5
NNP,Group,3
NN,LEARNING,1
NNS,MinoritiesFemalesDisabledVeterans,1
NN,Internet,2
VB,Write,3
NN,Apps,1
NNS,things,2
NNS,challenges,2
NNS,territories,1
NN,PTO,1
NN,productionready,2
NNS,Displays,1
JJ,Major,1
NN,Word,2
NN,interaction,3
NN,continuum,2
NNS,testers,1
NNS,sources,2
NNS,Standards,1
NN,diagnose,1
JJ,entire,2
JJ,financial,2
NN,methodology,1
CC,AND,1
NNS,startups,1
VBN,powered,3
NN,pleasant,1
VBG,mentoring,2
NNS,weeks,2
NNS,Owners,1
NN,hydraulic,3
JJ,Interested,2
JJ,popular,1
NN,living,2
CD,5000,1
NNS,teams,15
NNS,friends,1
NN,jobdescriptionJob,1
DT,An,1
NNS,results,2
JJ,much,2
VBN,corned,1
NN,journey,1
NN,processing,2
JJS,most,7
VBN,supplied,1
NN,prototype,1
DT,both,7
JJ,underpinned,1
NNS,Oregons,2
IN,around,3
NNS,metrics,2
NN,aspect,1
NN,ALWAYS,1
JJ,limited,1
VBN,Accelerated,1
NN,infield,1
NN,reimbursement,1
NN,chat,1
IN,For,6
NN,year,6
NNS,changes,6
NN,deploy,3
NN,BS,2
NN,insight,2
NN,Marketing,1
NNS,agencies,2
NN,Project,8
NN,Platinum,1
NN,agile,8
NN,renown,1
VBG,awardwinning,2
NN,regard,8
NN,Stoir,1
NN,heart,1
VBG,guiding,1
NNS,People,1
VBN,welltested,1
NN,Gross,1
VBN,Embedded,1
JJ,productive,2
NN,convey,1
NN,respect,1
JJ,beneficial,1
RB,carefully,1
NN,celebrate,1
NN,featureproduct,1
CD,1267220,1
NN,Stay,2
NNS,stories,2
RB,offshore,1
NN,Enjoy,3
NN,Interface,1
PRP,we,52
NN,courtesy,1
NNS,OwnersAnalysts,1
NN,interview,2
NN,ML,1
DT,Some,1
IN,over,6
VBN,Desired,1
NN,re,1
NN,SDLC,4
NNS,bodies,1
VB,Optimize,1
NN,government,1
NN,compassionate,1
NN,paid,6
NN,bluetooth,1
RB,actively,1
VBG,threading,1
NNS,peers,1
VBG,understanding,21
NN,healthcare,10
NN,case,3
NNS,Consults,1
NN,coast,2
JJ,suitable,1
NN,upgrade,1
NN,regardto,1
NN,cohesive,1
RB,strongly,6
NN,staff,3
NN,git,3
NN,search,5
NN,Must,4
CD,four,1
VBN,approved,1
VBN,completed,1
NNS,Skills,11
NNS,wearables,1
NN,deep,5
NN,heal,1
NN,State,1
NN,oneonone,1
NN,group,1
VBG,strategyconsulting,1
NNS,laptops,1
JJ,complete,1
JJ,current,1
CD,15,2
NN,Agile,8
NN,SSRS,1
NN,mentor,5
NN,Legacy,1
NN,Building,1
NN,Online,1
NN,launch,2
VBG,performing,2
NN,infrastructure,1
IN,within,9
VBD,were,1
VBG,interviewing,1
JJ,rapid,1
NN,HTML,2
JJ,practical,3
VB,Keep,1
JJ,Generous,1
JJ,Professional,1
VBG,Engineering,10
NN,Manager,1
NNS,Minneapolis,2
JJ,unlimited,2
RB,heavily,1
NN,site,4
NN,Mastery,1
VBG,making,5
NNS,brings,1
JJ,flexible,5
JJ,exceptional,2
NN,employerofchoice,1
NN,Search,2
JJS,Invest,1
JJ,highlyreadable,1
JJ,LeakCanary,1
JJ,Affordable,1
NNS,industries,7
JJ,positive,2
VB,Develop,13
NN,Implement,1
NNS,Benefits,6
NN,Ali,1
NN,mainframe,1
NN,clientserver,1
NN,decision,2
NN,Communicate,2
JJ,political,1
NNP,Francisco,3
JJ,architectural,2
NN,generate,1
CD,6090,1
NN,OpenCV,2
IN,as,70
NN,Chromecast,1
VBN,placed,1
NNS,media,2
VB,Provide,6
NN,OO,1
NN,DAYS,1
NN,EDUCATIONEXPERIENCE,1
NN,iterate,2
JJ,specialized,1
DT,These,1
NN,BSBA,1
NNS,Basics,1
VB,Get,1
VBG,delivering,5
NN,industry,9
CD,Five,2
NN,basis,8
NN,format,1
JJ,Potential,1
NN,country,3
NN,device,5
NN,sort,1
NN,Compensation,3
NNS,headquarters,4
NNP,Apple,1
VBG,ongoing,2
RB,internally,2
VB,allow,1
VBG,pioneering,1
NN,innovate,3
NN,Someone,1
JJS,least,8
NN,direction,3
NN,career,6
VB,Purpose,1
NN,create,10
WP,who,15
NNP,Brownie,1
NNS,estimates,1
JJS,Unittest,2
NN,adoption,3
NN,CD,2
NN,home,3
MD,can,13
JJ,SPECIAL,1
NN,produce,2
NNS,criterions,1
VBG,analyzing,2
VBN,cloudbased,2
NN,environment,29
VB,Build,5
RBR,more,29
MD,will,48
NN,Education,3
NN,SKILLS,1
NN,Adobe,1
NN,Facebook,1
NN,domaina,1
JJ,Careern,1
RB,continually,1
NN,roadair,1
NNS,manhours,1
NN,Docs,1
NN,Sr,1
NN,globe,2
NNS,sounds,1
NN,power,3
NN,Customer,2
IN,by,40
NN,order,3
RB,independently,2
NNP,Johnson,7
JJ,instrumental,1
NN,instrumentation,1
NN,difference,2
JJ,regular,1
NNS,resources,4
RB,nearby,1
NN,mobile,86
NN,Chrome,1
NN,held,2
NN,marital,4
NN,stay,2
NN,warehouse,2
NN,grade,1
NN,Strategy,1
NNS,Designers,1
NNS,Apples,1
NNS,efforts,5
IN,With,4
NN,partner,2
JJ,Annual,1
NN,today,2
CD,110,1
NN,effect,1
NNS,objectives,1
NN,CMS,2
NNS,communications,1
NN,Is,3
NN,offer,10
JJ,consecutive,2
RB,Together,1
NN,schema,3
RB,automatically,1
VBN,observed,1
NN,track,4
CD,2200,3
NN,cup,1
IN,about,15
IN,Below,1
NNS,customers,16
NN,proven,3
VBN,provided,1
JJ,particular,2
NNS,protects,1
NNS,upgrades,2
NN,equity,2
VBG,running,1
NN,Employee,1
NNS,CyberCoders,1
NNS,parents,1
NNS,means,1
NNS,Products,2
VB,Participate,3
VBG,costing,2
JJ,Flexible,3
NNS,quotations,2
NN,SCRUM,1
VBG,preparing,1
NNS,methods,3
NN,wwwaccenturecom,1
NN,description,1
VB,come,2
NNS,releases,3
VBN,controlled,1
NNS,designs,4
VBG,posting,1
RB,Further,1
WRB,how,5
VBG,visiting,1
NN,disease,1
PRP$,Our,18
DT,any,8
VBG,decisionmaking,2
NN,health,15
NN,Sameer,1
NNP,Japan,1
NNS,Recruiters,1
VBG,architecting,1
NN,Automation,1
NN,workstation,1
VBN,defined,1
NN,Object,1
JJ,open,2
RB,internationally,1
NN,Organization,1
NN,JOB,2
CC,but,4
VB,utilize,1
NNS,inspires,1
NN,UX,2
NNS,Teams,4
NN,encryption,1
NN,StorejobdescriptionJob,1
NN,Use,2
NN,suburb,1
NN,httpssquareup,2
NN,Square,1
NN,play,2
NN,joinn,1
NN,federation,1
NNS,Frameworks,3
CD,8402181205jobdescriptionJob,1
JJ,visible,2
NNS,connections,1
NNS,priorities,1
NN,acceptance,3
NN,Amazon,3
NN,connect,3
NN,datadrive,1
NN,Native,7
NN,OkBuck,1
NN,coasttocoast,1
NN,mohammedsameer140gmailcom,1
VBN,updated,2
NNP,Guide,1
NN,network,4
NN,welcome,1
NN,decade,1
NNS,employmentopportunities,1
NN,attention,2
NN,endless,1
NN,video,4
JJ,Possible,1
NN,coordination,3
DT,The,29
RB,adhere,1
NNS,methodologies,6
NN,remain,1
VBN,Integrated,2
NN,ll,1
JJ,little,1
NNS,Uses,1
NN,expand,2
NNS,languages,3
NNS,Accentureworks,1
JJ,annual,1
NN,Ackmann,2
NNS,features,14
VB,Play,5
NN,mix,1
NN,verification,3
NN,guide,1
NNS,associates,1
RB,now,3
VBG,being,3
VB,Backend,1
VBG,optimizing,1
NN,release,3
NN,bleedingedge,2
NN,parking,1
JJ,Exceptional,3
NN,circuit,1
IN,per,1
VBG,Aging,1
NN,requirement,2
NNP,San,4
VBG,including,28
NN,attitude,3
NNS,governments,2
IN,As,9
JJ,Good,3
JJ,related,19
CD,50,4
NN,Riverplus,1
NN,ASPNET,4
NN,gym,1
NN,VA,1
NNS,plans,7
VBN,integrated,8
RB,iteratively,1
JJ,significant,1
NN,member,3
NNS,dots,1
NN,flow,3
NN,Today,2
NNS,classes,2
NNS,Agencies,1
NNS,scripts,2
NN,extend,1
NN,wwwcoolsofttechcomjobdescriptionNet2Source,1
NNS,properties,1
IN,In,9
NN,exceed,2
NN,influence,1
NN,Function,1
NN,multitude,1
NN,SoMa,1
NN,Competitiven,1
NN,cheese,1
NN,CICS,1
NN,branching,2
NN,example,2
VBN,Designed,1
NN,GPS,1
RB,increasingly,1
NN,nextn,1
NN,passionate,4
NNS,regards,1
JJ,familiar,1
JJ,essential,1
RB,then,5
NN,assign,1
DT,no,1
WRB,Why,4
VB,Read,3
NN,Graduate,1
VBN,personalized,1
NN,NET,5
NNS,defects,1
JJ,remarkable,1
NN,customization,1
NNS,comusendevelopers,1
NN,Passionate,4
NN,Recovery,1
JJ,Visual,7
DT,each,4
JJS,highest,1
NNS,Initiates,1
NN,message,1
VBG,problemsolving,2
JJ,Operational,1
NN,Plan,1
NN,Analyze,1
NNS,sizes,2
JJ,pharmaceutical,1
JJ,Extensive,2
NN,cybersecruity,1
RB,remotely,1
NNS,applications,58
NNS,Windows,3
VB,take,5
NN,Workforce,2
MD,must,5
NN,impact,4
NN,serverside,2
VBG,Designing,3
NNS,options,2
VBN,assembled,1
NN,ACG,2
NN,IRL,1
VBN,Preferred,7
NN,appreciate,1
NN,schoolwork,1
NNS,Applicants,3
NN,excel,1
RB,friendly,2
NN,agilelean,1
NN,base,1
NN,eCommerce,1
VBN,Augmented,1
NNS,Citizens,1
NN,HEALTHCARE,1
VBG,matching,2
VBN,companyprovided,1
CD,five,1
NN,Platform,3
NNS,skills,32
NN,Zoo,1
VBG,regarding,2
NNS,zones,1
VBG,utilizing,3
NN,Technology,8
NN,experienceand,1
RB,not,14
NN,utility,3
NN,AAA,4
JJ,genetic,5
JJ,organizational,3
NN,progress,2
VBN,loved,1
VBN,associated,2
NN,industriesjobdescriptionHi,1
NN,Fortune,2
NN,Integration,2
RB,upward,1
VBG,collaborating,1
NNS,communities,2
NN,Dagger,1
NNS,XamarinForms,2
DT,these,3
NN,pride,2
NN,everything,4
NN,citrus,1
NN,teamwork,1
NN,leverage,1
NN,comprehensive,2
NN,storage,1
JJ,Colorful,1
JJ,common,3
NNS,pertains,2
IN,Whether,1
VBN,wellarchitected,1
NN,Business,4
NN,religion,12
NN,integrity,3
NN,daysweek,1
VBG,interacting,1
NN,specialty,1
NN,fraud,1
NN,creed,1
NN,posterjobdescriptionJohnson,1
RB,everywhere,1
NN,assurance,2
NN,Area,1
VBN,released,2
NN,service,7
VBN,motivated,3
JJ,desirable,2
NN,conference,2
NNS,analytics,5
NN,developer,4
NNS,goals,2
NN,week,1
NN,ODBC,1
NNS,Developers,3
NN,addiction,1
NN,desire,3
NN,advice,1
NN,highperformance,4
VBG,Growing,1
NN,jobsackmanndickensoncomjobdescriptionThe,1
JJ,Direct,1
CD,3240,1
NN,provide,9
NN,Debt,1
NN,anyother,1
JJ,manual,1
VBN,optimized,1
JJ,oral,1
JJ,daily,2
NNS,responsibilities,2
NN,Create,5
NN,Certification,1
TO,To,1
NNS,worlds,3
NN,MySQL,1
NN,Roku,1
NN,offering,1
NN,determine,1
NNS,standards,3
NN,Portal,1
JJ,social,4
NN,firstgeneration,1
NN,detect,1
NN,logic,1
NN,interact,1
JJ,Retail,1
NNS,accounts,2
NN,diagram,1
NN,setup,2
NNS,years,42
NN,remote,2
NN,community,6
NN,Influence,1
NNS,Thanks,1
NN,tablet,2
NNS,intranets,2
NN,Compliance,1
PRP$,its,7
NN,department,4
NN,Kforce,1
NN,Work,17
IN,About,5
NN,ecommerce,1
NNS,theres,1
NN,ie,1
NNS,organizations,2
NN,authentication,1
NN,building,16
NN,invention,1
NN,SalemOR,1
NN,anyone,1
VBN,multithreaded,5
MD,Can,2
NN,minimum,1
NN,contact,4
NN,communication,13
NN,compensation,3
VBG,according,2
JJ,Practical,1
NNS,States,4
JJ,functional,5
JJ,short,1
NN,Clientserverside,1
NN,QA,5
NNS,situations,1
NN,past,1
NNS,expenses,1
NN,office,4
CD,1997,1
JJ,meticulous,1
NN,Studio,9
NNS,Devices,2
NN,worldclass,6
NN,disability,12
VBN,Qualified,1
NN,multitenant,1
JJ,Strong,17
NN,guidelinesjobdescriptionCompany,1
VBG,tuning,1
NNP,Act,1
JJ,many,2
NN,SAMLOAuthOIDC,1
JJ,major,3
JJ,Senior,12
NNS,fixes,2
NN,ColumbusCEO,1
NN,mentorship,1
NN,receptive,1
NN,St,2
NN,west,1
NNS,expectations,2
NN,Jr,1
VBN,launched,1
NN,INVESTMENT,1
NN,expansion,1
JJ,Experienced,1
NNS,rooms,1
VBN,havepreferred,1
VBN,published,3
JJ,continuous,5
CD,seven,1
CD,06,1
PRP$,their,27
NN,workforce,5
CD,400,1
NN,CNET,2
NNS,payments,6
NN,Diego,2
DT,this,26
NN,North,6
JJ,Proactive,2
NNS,notifications,2
NNS,Services,8
NNS,Chicagos,1
VBN,embedded,1
NN,view,1
NN,IdentityServer,1
NN,law,4
JJS,latest,7
NN,vary,1
NNS,millions,1
NNS,outdoors,1
VB,Apply,4
NN,university,2
NN,Us,2
NN,gender,10
NN,Information,8
VB,Prepare,1
NN,Fluid,5
JJ,Medical,3
NN,Handson,1
NN,GIT,4
PRP$,our,92
NNS,Pro,1
IN,while,6
NNS,sheets,1
JJR,greater,1
NN,pension,1
VBG,Doing,1
RB,soon,1
NN,funding,1
NN,UAE,1
JJ,operational,1
VBG,Cascading,1
VB,find,1
VBG,coordinating,2
SYM,C,15
NNS,Facts,1
NN,Chance,1
VBN,Wellqualified,1
VBN,webbased,1
NNS,structures,1
NN,Award,5
NN,FRESH,1
NN,conduit,1
NN,insurance,7
JJ,Easy,2
NN,pay,3
NN,Experience,94
NN,techsavviness,1
NN,Degree,3
DT,all,36
NNS,Qualifications,15
NN,Troubleshoot,3
NN,Desktop,1
NN,fit,2
NNS,gettogethers,1
NN,collaborative,7
JJ,comfortable,3
NN,hang,1
JJ,national,15
NN,Equity,2
RB,professionally,1
NN,application,24
NNP,Androidfirst,1
NNP,Digital,8
NN,CI,3
JJ,available,2
NN,contingency,1
NN,growingyour,1
NN,Fair,1
NN,PowerPoint,1
NN,ideal,5
NN,familiarity,2
VBG,going,1
NN,knack,1
NN,success,2
NN,online,3
NN,visafor,1
IN,While,1
NN,scrum,1
NN,presentation,1
NNS,Years,1
NN,ESPP,1
NN,MVP,2
NN,VCS,1
NN,d,1
VBN,been,1
VBG,Evaluating,2
VBG,having,2
JJ,Basic,7
JJ,next,1
NN,mobiledevelopment,2
NN,strategist,1
JJ,such,14
NN,E,1
CD,ONE,1
NN,hybrid,1
NN,activity,1
RBR,better,8
VBG,honing,1
VBN,lawjobdescriptionAcquired,1
NNS,cases,1
NN,identity,8
NN,spending,2
JJ,reliable,1
VB,apply,11
NN,generation,1
NN,Pier,1
VBG,logging,1
NN,HTML5,3
NN,focus,5
JJ,analytic,1
NNS,ourselves,3
NN,handshake,1
NN,expert,3
VBG,testing,25
VBN,supported,1
NN,AWS,5
NN,insulin,2
JJ,Soft,1
VBG,doing,2
NN,Employer,10
RB,Finally,1
NN,write,2
NNS,Rails,3
NN,comusenonlinestore,1
NN,proofsofconcept,1
NN,MAGI,1
NNS,Googles,1
VBG,using,28
NNS,Cycles,1
NN,Mobility,2
RB,Also,2
NNS,Engineers,7
JJ,Creative,1
NN,keyjobdescriptionWe,1
NN,Git,7
NN,salary,3
NN,module,1
NN,training,8
NNS,controls,2
NN,Recruitment,1
IN,At,7
JJ,Oregonian,1
VBG,Collaborating,1
NN,unit,7
VBG,seeking,3
VBN,accelerated,1
NN,incorporate,4
NN,outreach,1
CD,5011,1
NN,CSS,3
NNP,Advanced,3
NN,Partner,2
JJ,Successful,1
NN,NOW,1
NN,thrive,3
NN,seamless,2
NNS,enables,2
JJ,ancillary,1
VB,let,2
NN,CC,1
NN,affiliation,1
NN,value,3
NNP,Computer,13
NN,PI113833267jobdescriptionMARENA,1
JJ,powerful,1
NNS,Data,2
NN,Machine,1
VB,Look,1
NN,citizenship,1
NN,workflow,1
VB,Learn,2
NNS,Architects,1
NN,Maximum,1
NN,Creatix,1
NN,Market,1
NN,coffee,1
CD,three,2
NN,takingownership,1
NN,barista,1
NNS,sprints,1
NN,AS400DB2,1
JJ,outstanding,2
NN,Gold,2
NN,Oil,1
NNS,districts,1
IN,via,2
NNS,architectures,3
JJ,innovative,5
NN,ID,2
NN,collaborate,2
VBN,extended,2
VBG,sweeping,1
NN,industriesjobdescriptionCompany,1
NN,Safari,1
NN,insightful,3
NN,completion,1
NN,content,13
NN,conduct,1
NNS,facets,1
NNS,Sciences,2
VBG,solving,2
NN,help,13
NN,fragmentation,1
NN,Eligibility,1
CD,2010,2
VB,Want,2
NN,responsive,2
NN,information,12
NN,Assess,2
NN,cuttingedge,3
VBN,involved,1
NNP,Dearborn,1
NN,class,1
RB,Fast,1
NN,Collaborate,6
VBN,automated,4
NN,posture,1
IN,Buildyourown,1
NN,NEW,1
NN,innovator,1
JJ,extensive,1
VBG,Creating,1
VBG,Using,1
NNS,products,9
NN,someone,1
CC,OR,3
VBG,Manufacturing,1
NN,mankind,1
RB,still,2
NN,agency,1
VBN,connected,4
NN,redundancy,1
NNS,locations,3
NNS,areas,2
JJ,asynchronous,1
IN,beyond,1
JJ,Additional,6
NN,primary,3
NN,use,11
NNS,talents,1
NN,UXUI,2
VBG,amazing,1
NNS,ecosystems,2
NN,express,1
VBG,troubleshooting,1
NNS,Drives,1
NN,Requisition,1
NNS,Technologies,7
NN,Century,4
NNS,Schedules,1
CD,24,1
NN,XP,1
NNS,Locations,1
NN,ReactJS,1
NNS,Levels,1
NNS,powers,2
RB,often,1
IN,into,7
VBG,enforcing,1
NN,method,1
NNS,APPLICATIONS,1
NN,Point,2
NN,Id,1
NN,XML,2
NN,entry,3
VB,Become,1
CD,2D,1
NN,passion,10
JJ,Previous,4
NNS,Fridays,1
NN,Link,1
NN,Relax,1
NN,parental,1
NN,Caffe,1
NNS,services,23
NNS,weeds,1
NN,blog,2
NNS,others,3
NN,catalog,1
RB,operationally,1
NNS,companies,8
VBG,Leading,1
NN,reason,1
NN,Operating,1
NN,COTS,1
NNS,boasts,1
NN,analyze,1
NN,Flutter,2
NN,fulltime,4
NN,cloud,4
NN,Star,1
NN,coordinate,1
NN,Fremont,1
NN,Include,1
NN,synchronization,1
VB,be,40
NN,refining,1
NN,efficiency,1
RB,Proven,2
VBP,are,73
NNS,todays,3
NN,easytouse,1
JJ,Comprehensive,1
NNS,specifications,5
NNS,bugs,2
NNP,Inc,6
NN,S3,1
NN,Material,2
NN,step,1
NNS,Tons,1
NN,hair,1
NN,Travel,1
CD,20,4
NN,Minimum,7
NN,dollar,2
NNS,handouts,1
NNS,benefits,17
NN,Disaster,1
NN,approach,3
NN,sound,4
VBG,managing,3
NN,machine,4
VB,Open,3
NN,level,2
NN,TSCTI,1
NN,science,6
NN,MFDisabilityVet,1
NN,planjobdescriptionSenior,1
NN,recruit,1
VBG,featuring,1
NN,Magento,3
NN,historic,1
NN,post,2
NNS,de,1
NNS,Languages,1
NN,delivery,5
VBZ,provides,3
NN,httpwwwdolgovofccpregscomplianceposterspdfeeopostpdf,1
NN,model,2
NN,pace,1
NN,factory,1
NN,APD,1
NNS,clients,32
NNS,knowledgeskills,2
JJ,Restful,1
NNS,Duties,2
NNS,patients,1
NN,indepth,1
NN,etc,17
DT,an,67
RB,effectively,5
NN,google,1
VBG,demanding,1
NN,Salem,1
CD,401k,6
JJ,high,10
CC,and,721
NN,verify,1
JJ,testable,2
WRB,Were,2
NN,walk,1
NN,operate,2
VBG,thinking,1
NN,implementation,8
NN,customer,15
NN,veteran,12
NN,web,34
JJ,Financial,1
NN,bring,1
NN,transition,1
NN,grasp,1
VBN,combined,1
JJ,technical,32
NN,shop,1
JJR,higher,2
NN,store,2
NN,start,1
CC,Or,1
NN,rate,1
NN,kept,1
NN,resolution,1
VB,participate,2
VB,ensure,6
NNS,materials,3
NNS,studies,1
IN,From,2
NN,happiness,1
NN,field,12
NN,Place,1
NN,MongoDB,1
NN,handson,3
NN,prioritize,3
VBG,Owning,1
NN,X2,1
VBG,revolutionizing,1
NNS,Lots,1
NNS,tens,1
NN,geek,1
VBG,Commuting,1
NN,Glendale,1
NN,Eliassen,1
VBG,positioning,1
NN,Sharepoint,2
NNS,Responsibilities,14
NNS,empowers,1
NN,Workn,1
NN,Pharmacy,1
NN,SWIFT,1
NNS,works,4
NN,Framework,3
NNS,elements,1
NNS,hats,1
NN,COSMOS,1
NN,Firm,2
NNP,Los,1
VBG,Keeping,1
NN,feed,1
NN,Commuter,1
NN,CIS,1
CD,401K,3
IN,without,10
NN,met,1
VB,Gradle,4
NN,appropriate,4
JJ,pragmatic,1
NN,life,14
NN,page,2
NN,URL,1
NN,yrs,1
RB,scientifically,1
NNP,Washington,1
NN,prefer,2
RB,Here,2
NN,jQuery,2
NNP,Basen,1
NN,firm,5
JJ,international,2
VBG,incorporating,1
JJ,strategic,3
NN,ADFS,1
NNS,solutions,34
NN,accept,2
VBN,Published,1
VBG,formatting,1
VBN,worked,2
NN,scale,5
NN,simple,1
VBN,focused,2
CD,3D,1
NN,SQL,7
VB,develop,9
NNS,8years,1
NN,Qualification,2
NN,Excellence,1
NN,manufacturing,2
NN,Net,5
NN,perform,2
NN,vacation,1
VBN,founded,2
NN,finger,1
VBG,scheduling,1
NNS,databases,1
NN,COOLSOFT,1
RB,seamlessly,1
NN,grip,1
JJ,successful,3
NN,driven,3
VBG,confirming,1
NN,Overview,2
NN,approval,1
PRP,themselves,1
NN,love,2
NNS,Works,7
NN,Android,93
JJ,reasonable,1
NNS,electronics,1
NN,reading,1
NNS,leads,2
NN,look,1
VBG,translating,1
VBG,andreleasing,2
NNS,drawings,1
NN,radius,1
NNS,users,11
NN,knowledge,24
NNS,browsers,1
NN,accuracy,2
NN,iOS35,1
NN,match,2
VBG,Learning,1
NN,IT,11
NN,AutoCAD,1
JJ,Intrepid,2
VBG,researching,2
NN,collection,1
IN,for,156
NN,AI,1
NNS,partners,3
VBG,Performing,2
NN,act,1
VBG,prioritizing,1
CD,10001,1
NN,thought,1
NN,accountability,2
NN,immediate,1
NNS,excels,1
NN,specialist,1
NNS,Hands,3
NN,Airline,2
NN,enjoy,4
NN,Micro,1
JJS,Most,1
JJ,thoughtful,1
DT,a,220
NN,keyword,2
NN,sense,2
VB,improve,7
NN,variety,4
NN,determination,1
RB,preferably,7
RB,testdriven,2
JJ,valuable,1
IN,below,3
JJ,enable,1
IN,Warehouse,1
NNS,owners,1
NN,accordance,1
VBN,nudged,1
NN,selfstudy,1
NN,house,1
VBG,leading,13
VBG,tracking,4
JJ,nonfunctional,1
JJ,Interactive,8
NNS,offers,5
NNS,applicants,13
VBN,CGMenabled,1
NNS,records,6
NN,tobacco,1
NN,agility,1
VBG,growingmentoring,1
JJ,energetic,1
NNS,technologies,30
NN,Knowledge,16
NNP,Microsoft,4
NN,Azure,2
NN,relationship,1
JJ,unsolved,1
VBN,outdated,1
VBG,accessing,1
NN,Log,1
IN,outside,8
VBG,consulting,5
VB,add,1
VBN,determined,1
NN,Define,1
RB,directly,2
NN,JCL,2
NN,largescale,5
VBN,fastpaced,6
NNS,contracts,1
NN,relevant,5
NN,empower,2
NN,Translate,1
NN,traffic,1
CD,1,4
NNS,operations,3
VBG,empowering,1
RB,even,2
NN,grown,1
NN,thirdparty,4
NN,management,16
VBG,sizing,1
VBG,executing,1
NN,SME,1
VBN,inspired,1
VBZ,does,3
JJ,Private,1
NN,workauthorization,1
NN,engine,3
NN,optimization,5
VBN,predicated,1
NN,protect,1
VBN,paced,1
NN,Tattoos,1
NN,club,1
NN,functionality,6
NN,Ecommerce,1
VB,Save,1
RB,Back,1
NN,shipping,1
NN,httpsquaregithubio,1
NNS,recruiters,1
JJ,strong,13
NN,medicaldentalvision,1
NN,memory,2
NN,wear,1
VBG,Hiring,1
NN,Current,1
NN,scope,4
JJ,native,6
NN,selection,1
JJ,Electronic,1
NN,Jira,1
NNS,Values,1
JJ,last,2
NN,Bachelor,2
NNS,qualifications,3
NN,sex,9
NN,need,8
NN,space,2
NN,turn,1
JJ,Affirmative,4
NN,comprehend,1
NN,AD,5
CD,23rd,1
NN,hiringprocess,1
NN,treatment,1
NNS,towards,3
NN,construction,1
NNS,Controls,1
NN,sprint,1
NN,micro,1
NN,tandem,1
NN,polka,1
NNS,frameworks,10
NN,resource,1
NNS,Ascensions,3
NN,maintain,6
VB,keep,2
NNS,Patricks,1
NN,please,6
JJ,various,11
NN,Access,1
NNP,Chicago,3
NN,Rock,1
NN,tsliminthewild,1
NN,action,1
NN,plan,3
NN,manager,1
NN,httpssquareupcomusenpointofsale,1
NN,nonprofit,1
NN,Fit,1
JJ,competitive,3
VBG,providing,8
NN,Magnificent,1
VBG,learning,3
NN,EXPERIENCE,2
VBG,creating,7
NN,firestick,1
NN,depend,2
NN,corp,2
NN,companiesis,1
VBG,working,25
NN,server,3
VBN,Connected,2
NN,diverse,4
NN,ObjectiveC,5
NN,heard,1
VBN,affiliated,2
NN,user,23
NN,standalone,1
NN,location,1
NNS,attractions,1
VBG,enhancing,1
CD,9,2
NN,Cloud,2
JJ,private,2
NN,MSO,1
NNS,Provides,3
NN,talent,1
NNS,demands,1
NN,fast,1
NN,request,2
VBG,attending,1
NN,player,4
NNS,Bachelors,12
RB,Effectively,1
VBG,leveraging,2
NN,Bonus,1
NN,collegial,1
NN,volume,1
WRB,where,3
NN,northeast,1
RB,collectively,1
VB,Check,1
NN,emphasis,3
NNS,recommendations,1
VBG,taking,2
NN,shopping,1
IN,If,13
RB,monthly,1
NN,TSOISPF,1
NN,tea,1
NN,Test,3
NN,technology,29
NNS,needs,8
RB,particularly,3
NN,demonstrate,1
VBN,required,28
PRP,them,9
IN,across,29
VBG,Revamping,1
CD,6,3
VBG,Staffing,4
VB,See,1
NN,fill,1
NN,automation,4
NN,IMPGO,1
NN,ink,1
VBG,targeting,1
NN,Comply,1
NN,Protocol,1
NN,Query,1
RB,first,2
NNS,photos,1
NNS,plays,1
NN,urgent,1
NN,UI,5
NN,pleasen,1
NN,Unit,2
VBN,empowered,1
JJ,inclusive,1
VBG,Understanding,1
VBG,fastestgrowing,1
VBG,stunning,1
NN,Care,1
CD,185k,1
NN,NJ,1
PRP,you,44
NN,subject,1
RB,here,2
NNS,boundaries,1
VBG,transforming,3
NN,backbone,1
RB,efficiently,1
NN,Term,1
NN,Region,1
NN,Wordpress,3
NNS,sales,6
NN,effort,1
NN,ETalent,2
RB,resulthighly,1
NN,Pop,1
CD,six,1
NNS,members,10
VBN,EVerified,1
NN,task,1
VBN,Skilled,1
NN,Ordinance,1
NN,outdoor,1
NN,routine,1
NN,check,4
NNS,problems,9
NNS,contains,1
VBN,platformbased,1
NN,Oracle,1
NNS,departments,2
VBG,Combining,1
NNS,Investigates,1
CD,40220,1
VBG,documenting,1
NN,design,46
NN,wow,2
NN,studio,2
JJ,external,6
NN,QualificationsExperience,1
NN,alwayson,2
NNS,farms,1
VBG,multitasking,1
NN,Law,1
NNS,Cities,1
RB,fully,3
VBD,attracted,1
VBN,Detailed,1
NNS,colleagues,2
NN,VOD,1
VBG,experiencing,1
NN,addition,2
NN,oversight,1
JJ,modern,4
DT,All,7
JJ,Catholic,1
NN,public,2
NN,fixer,1
JJ,luxurious,1
RB,absolutely,1
NNS,frames,2
WP,what,1
NNS,candidates,4
NNS,lives,5
NN,Execute,1
IN,Over,1
NN,Google,9
NN,improvetheir,1
NN,district,1
VB,Add,1
NN,berry,1
NNP,Human,2
NN,Position,4
NN,Collaboration,4
RB,specifically,3
RB,highly,9
NNS,tools,12
NNS,peripherals,1
NN,workday,1
VBG,starting,1
NN,supercharge,1
NN,proud,3
NN,equipment,2
NN,Stock,1
NN,Description,10
NN,college,2
JJ,big,2
VBN,recognized,1
NN,interpret,1
VBG,evaluating,1
NN,Insulin,1
VBG,evolving,1
VB,believe,3
NN,continue,3
VBN,authorized,2
NN,layout,2
JJ,good,1
NN,Program,2
NN,reception,1
NN,documentation,4
NNS,procedures,3
NN,breeze,2
JJ,professional,9
CD,300,1
VB,Identify,1
NN,fun,2
NN,program,7
NN,ground,2
NN,position,6
NNS,commitments,1
NNS,consultants,2
JJ,weekly,1
NNP,Jones,1
NN,consistent,1
NNS,parties,1
NN,temperature,2
JJ,broad,3
NN,Pay,1
VB,Be,4
RB,globally,4
NN,unique,2
NN,CSS3,3
NNS,analysts,3
VB,Listen,1
NN,candidate,7
NN,team,61
NN,push,2
NN,phone,2
NNS,Reps,1
NN,contribute,5
NNS,duties,1
JJ,Responsive,1
NN,state,5
VBG,bringing,3
VBG,defining,1
VBG,engaging,2
VBN,qualified,10
NN,Report,1
NNS,reviews,4
NN,STAY,1
NN,detection,1
NN,efficient,4
JJ,preferable,2
NN,JavaKotlinand,2
NNS,data,19
NN,picture,3
VBG,writing,4
NNS,merchants,1
NN,Espresso,1
NN,HTML5CSS3,1
NNP,Day,2
RB,consistently,3
RB,continuously,3
NN,sufficient,1
VBG,computing,1
NN,Xamarin,5
NN,resilient,1
NN,commitment,1
NNP,Health,4
NN,curiosity,3
NNS,delivers,1
JJ,magnetic,1
VBN,Selfmotivated,1
NNS,helps,2
VBG,contributing,2
RB,down,2
CD,2007,1
NNP,Navy,1
NN,table,1
NN,Telecom,1
NN,drive,5
VBG,carrying,1
VBN,Oriented,1
JJ,customizable,1
VBG,versioning,2
PRP,It,2
JJ,responsible,7
NN,httpwwwdolgovofccpregscomplianceposterspdfofccp_eeo_supplement_final_jrf_qa_508cpdf,1
NNS,ofFemalesMinoritiesVeteransIndividuals,1
NN,WorkjobdescriptionWe,1
JJ,complex,8
JJ,applicable,2
NNS,outs,1
JJ,methodical,1
NN,IOS,4
NNS,sellers,2
JJ,possible,2
VBN,contracted,1
CD,2012,3
CC,plus,12
JJ,special,1
NN,side,3
NN,deliver,12
NN,organization,8
NN,Expert,4
JJ,other,41
RB,also,9
JJ,RESTful,8
NNS,engineers,18
RB,always,5
NN,w2,2
NN,OS,2
NN,perfect,2
NN,meet,5
JJS,smallest,1
NN,developed,1
JJ,capable,3
NNS,Forms,1
VBZ,includes,2
JJ,scalable,2
NNS,Roles,1
VB,revolutionize,1
NNP,EC,1
RB,collaboratively,3
RB,long,1
NN,frequency,1
NN,Familiarity,8
NNP,Houston,2
NN,ENGINEERING,1
NN,background,6
NN,dental,5
NN,Industry,4
NN,validation,3
NNS,incentives,1
NNS,Notes,1
NN,Associate,1
JJ,local,3
NNS,recommends,1
NN,try,2
NN,Nerpel,1
NN,right,1
NN,validity,1
IN,Thorough,2
JJ,Technical,5
NN,capability,1
NNS,DeveloperSystems,1
NN,assistanceatsquareupcom,1
NN,build,11
JJ,Pretax,1
NNS,interactions,2
NN,achieve,1
NNS,Merchants,1
CD,0,1
NN,CA,3
NN,process,12
NN,FireFox,1
NN,SpringBoot,1
NNS,presentations,1
NN,Austin,1
NNP,May,2
NN,cool,1
NN,idea,1
NN,embody,1
NNP,Website,3
CD,5023279805,1
NN,change,4
NN,Mortar,1
NN,jobdescription,1
NN,Administration,2
VBN,faithbased,2
NNS,Requirements,5
JJ,similar,6
NN,Outlook,1
NN,Contingent,1
NNS,systems,29
JJ,50th,1
NNS,professionals,1
NN,risk,2
DT,those,2
NNS,offerings,5
NN,Python,6
VBG,implementing,8
RB,confidentially,1
NN,provision,1
NN,dependent,1
VBG,launching,2
RB,up,8
NN,delightful,1
VBG,celebrating,2
NN,Time,1
CD,375,1
NN,App,4
NN,EEO,2
NN,debug,2
NN,wwwlakeshorecom,1
NN,Inception,1
CD,165k,1
NN,Nice,3
VBN,prohibited,1
NN,Articulate,2
NN,Life,3
NN,kind,1
NN,employer,5
NNS,circuits,2
NN,Palo,1
NNS,strategies,3
NN,software,52
NN,day,6
NN,investment,4
NN,Reality,3
VB,specialize,1
VB,run,1
NN,realtime,1
NN,translate,2
NN,capacity,1
NN,android,1
NN,confidential,1
NN,experience,106
NN,feedback,3
NNS,games,1
NN,Leverage,2
NN,report,2
VBN,skilled,3
NN,VMS,1
NN,harvest,1
NNS,tomorrows,1
VBN,selfdirected,1
IN,if,5
NNS,fosters,1
NN,Medicaid,1
VBG,staffing,2
NN,Past,1
NNS,Thats,1
NN,factor,1
VB,Have,8
NN,BLE,1
VBG,FastestGrowing,1
JJ,Mixed,2
VBG,consuming,1
NN,reuse,1
NNS,decisions,7
NN,commuter,1
NN,configure,1
RB,quickly,2
NNP,Jobot,1
RB,legally,3
VBG,maintaining,5
NN,repository,1
JJ,characteristic,3
NNS,institutions,1
NN,samcoolsofttechcom,1
VBG,programming,11
NN,speak,1
NN,Company,4
NNS,managers,5
NN,Connectivity,1
VBN,Androidbased,1
NN,fix,2
NNS,Analytics,4
NN,landscape,1
NN,WebEx,2
NNS,thousands,3
NN,planning,5
RB,currently,3
NN,APAC,1
JJ,medical,6
NN,competence,1
RB,ARCore,1
NN,retaliation,1
RB,together,2
NNS,notes,1
NNS,issues,8
NNS,subsystems,2
VBN,seasoned,1
NNS,Utilities,1
NNS,processes,6
NN,stage,1
NN,pump,5
NN,city,1
RB,anywhere,1
RB,Prior,2
CD,18,1
NN,Maintain,4
NN,Technologiesis,1
NN,measurement,1
CD,25,1
NN,plusjobdescriptionThe,1
VBG,sounding,1
NN,JJ,1
NN,dont,1
JJ,industrial,1
RB,Actively,4
VB,get,4
NN,raise,1
VBN,dockerized,1
VBG,saying,1
NN,Oregon,6
NN,relaxed,1
VBN,received,1
NNP,Development,8
VBG,looking,19
VBN,renowned,1
NN,touchscreen,1
NN,reporting,4
NN,architecture,15
VBG,clicking,2
JJ,OpportunityAffirmative,1
NN,JSON,2
NNS,pages,2
NN,topnotch,1
VBZ,comes,1
JJ,several,1
NN,name,1
JJ,exclusive,1
NN,scenery,1
NN,deployment,4
RB,well,11
JJ,electronic,3
NN,WeAreCisco,1
NNS,ceremonies,1
NN,fidelity,1
NN,OHA,3
NN,Suite,1
CD,billion,2
VB,Verify,1
NN,understand,5
NN,eye,3
NNS,assets,3
NN,reliability,3
VBG,fixing,1
NNS,nuances,1
NN,CEO,1
NN,future,8
NN,connectivity,1
DT,This,8
JJ,physical,1
JJ,Hydraulic,1
NN,YOURSELF,2
JJS,XCTest,1
VBN,buttonjobdescriptionBased,1
VBG,migrating,1
CD,120,3
JJ,small,7
RB,Additionally,3
VBG,saving,1
NNS,deliverables,1
NNP,KY,1
NN,IIS,1
NNS,ones,1
NN,Web,13
VBN,given,2
NN,SaaS,1
NNS,hazards,1
VBD,got,2
VBN,made,1
JJ,functionaltechnical,1
VBG,fastgrowing,1
NN,system,15
NN,engineer,4
NN,database,4
NN,Full,6
NN,want,1
NN,access,2
JJ,effective,3
NN,proper,1
NN,Java,15
NNS,employees,8
RB,APART,2
NN,coverage,1
NN,Arizona,1
VBN,YCombinatorbacked,1
NN,market,5
CD,1943759,1
NN,Support,1
NN,frictionless,1
JJ,Free,1
NN,accelerate,2
RB,especially,4
RB,accurately,1
NN,simplify,1
NNS,ensures,1
JJ,superior,3
NN,combine,1
NN,Playbook,1
NN,exercise,1
NN,With469000,1
VB,have,41
NN,Analysis,1
NNS,sessions,1
NN,meeting,1
NN,financing,1
NNS,controlsystems,2
NN,feature,2
NNS,verticals,1
NN,possess,3
NN,key,5
RB,closely,9
NN,version,5
PRP$,Its,2
NN,Mobile3153272395,1
NN,Phone,1
NN,Mayo,1
NN,multiple,17
NNS,manuals,1
NN,SwiftObjectiveC,2
VBG,producing,1
NN,XamarinjobdescriptionSBS,1
VBN,distributed,1
JJ,individual,2
NNS,times,1
VB,Come,1
CD,22nd,4
NN,Device,1
NN,thinker,1
NN,FinTech,1
NNS,websites,5
NN,Agile1,2
NN,supervision,1
NN,codebase,1
NN,bar,2
VBG,Prioritizing,1
NNS,tasks,2
RB,early,1
NN,uptodate,2
CD,30,2
NN,AR,1
NN,credibility,2
NN,BSME,1
NN,Loop,1
CD,450,1
NN,TV,1
NNS,disciplines,1
NN,framework,1
NN,Wellness,1
NN,World,1
JJ,visual,1
RB,Preferably,1
JJ,interested,4
NNS,Moses,1
NN,SSP,1
DT,Each,1
NN,networking,2
NNS,topranked,1
NN,Tandem,5
NN,Core,1
NNP,Westerville,1
VBG,Researching,2
NNS,directories,1
NN,skilland,1
JJ,large,8
NN,something,2
RB,regardless,1
NN,ASPNet,2
NN,Illustrator,1
NN,End,1
NNP,Europe,2
JJ,Continuous,3
VBN,applied,1
NN,CO,1
JJ,important,1
NN,require,4
RB,newly,1
JJ,formal,2
NN,matter,2
NN,publishing,3
NN,beef,1
NNS,ideas,2
WDT,whatever,1
NNS,hours,3
NN,bit,1
NNS,trends,4
JJ,scientific,1
VBN,needed,7
NN,crossfunctional,6
NN,culture,8
NN,Drive,1
NN,consumer,4
NNS,ofits,1
NN,statusjobdescriptionJob,1
NN,SET,2
CD,200,1
JJ,free,2
NN,language,3
NN,ancestrydisability,1
NN,highcaliber,1
NN,solution,1
NN,Authority,2
NN,hoursweek,1
NN,OOP,1
NN,include,8
RB,so,3
NN,Show,1
NN,vendor,2
NN,record,4
JJ,integral,2
NN,complimentary,1
NNS,Platforms,2
NN,algorithms,2
NNS,men,1
NNS,resolves,2
NN,Statement,2
JJ,nontechnical,2
NNP,Mexico,1
NN,area,5
JJ,NewRelic,1
NNS,miners,1
RB,Right,1
NNS,businesses,4
NN,isolation,1
NN,frontend,6
NN,purpose,2
NN,farm,1
NN,REST,5
MD,shall,1
NNS,innovations,1
JJS,best,15
VB,optimize,1
RB,largely,1
JJ,partial,1
NN,API,6
JJ,Able,1
NN,Need,2
NN,Latin,1
NN,event,1
NN,MS,3
NN,Youve,1
NN,brand,1
NN,LLD,1
NN,longterm,2
NN,Celebrate,1
NN,roadmap,1
RB,back,1
NNS,developers,9
NN,fouryear,1
CD,3,11
RB,Currently,1
CD,57,1
NN,cost,1
NN,sponsorship,1
NN,performance,15
IN,at,28
JJ,additional,4
RB,accordingly,1
NNP,Golang,1
NNP,Pacific,1
VBN,located,5
NNS,contentcampaigns,1
NN,navigate,2
RB,forward,3
NN,backend,7
NN,SDK,11
NNS,Accolades,1
NN,accurate,1
NN,ActionController,1
NN,FSA,2
VBN,Required,7
NN,exposure,1
NN,possiblejobdescriptionWhat,1
NN,purchase,1
VBG,varying,1
NNS,Kubernetes,1
VBN,written,5
VBN,hired,1
NN,client,15
NNS,microservices,2
NNS,Operations,2
NN,validate,1
NN,UIfrontend,1
NNP,Edward,1
NN,source,2
DT,A,12
VBG,Writing,2
NNS,groups,2
NN,Imagine,1
NN,string,1
NN,intersection,1
VBG,designing,5
JJ,casual,1
NN,Office,2
NN,internet,1
NNS,Managers,3
VBN,selfmotivated,2
NN,fitness,2
NNS,moments,2
NNS,personnel,2
NN,NDK,1
VBN,presented,1
VBN,stocked,1
NN,availability,1
VBN,Structured,1
NN,boost,1
NNS,belongs,1
NNS,diabetes,2
NNS,buffers,1
NN,selfstarter,2
NN,stateoftheart,2
NNS,levels,4
MD,Will,6
NNP,Meemic,1
NN,Title,4
NN,employee,3
NNS,pipelines,1
NN,unleash,1
RB,Extremely,1
VBG,existing,8
VBN,accredited,2
NN,strategy,7
NN,effectiveness,1
PRP$,YOUR,4
NNS,participates,1
JJ,Stable,1
NNS,migrations,2
JJ,military,1
NN,code,24
VBG,Ensuring,1
NN,Role,4
RB,just,1
IN,that,46
JJR,larger,1
NNS,Series,3
JJ,curious,1
CD,4,3
NN,respond,1
VBN,wellcrafted,2
JJ,advanced,3
NN,society,1
NNS,Sets,2
VBG,keeping,2
VBN,tenured,1
NNS,concepts,6
NN,dig,1
NN,Key,2
VBN,Developed,1
NN,Server,6
NNS,persons,2
NNS,proposals,2
NNS,leverages,1
NN,branch,1
NN,Great,1
NN,lifecycle,2
NN,US,14
RB,nearly,1
NN,conviction,3
NN,Coordinate,1
NNS,people,10
NN,JDRF,1
VBG,cutting,1
IN,On,1
NNS,programs,8
CD,two,1
NNP,Louis,1
JJ,readable,1
RB,equally,1
NN,combination,3
NN,merit,1
NN,NJBiz,1
NN,poverty,1
NN,JR,1
CD,8,2
VBN,excited,1
NN,resultsdriven,1
NN,ultraproficient,1
NN,Power,5
NN,equivalent,10
NN,andor,6
NN,Accenture,20
VBG,Consulting,1
NN,COE,1
NNS,questions,1
NN,exploration,1
JJS,Best,4
NN,Contract,1
NN,improvement,1
NN,warm,1
VBN,standardsbased,1
JJ,Clear,1
NNS,Slides,1
NNS,Corporations,1
NNS,premiums,1
NN,meaningful,2
VBN,Detailoriented,1
NN,mobilefirst,1
MD,should,8
CD,40,7
JJ,interpersonal,4
NN,Integrate,1
JJ,commercial,1
NNS,invites,1
NN,Team,6
NN,set,1
NN,Mile,1
JJ,Salary,4
NN,wwwnet2sourcecom,1
VB,Remote,1
NN,manage,1
NN,junior,3
NN,StatesCaliforniaSan,1
NN,IC,1
NN,recruiting,1
NN,consideration,8
NN,simplicity,2
NN,founder,1
NNS,states,4
VBG,consumerfacing,1
NN,EEOAA,1
JJ,internal,14
NN,Design,10
NNS,Solutions,2
NN,irregular,1
NN,ability,9
VB,Resolve,1
NNS,contributes,1
NN,latency,1
NNS,experiences,10
RB,importantly,1
VBG,striving,1
JJ,potential,3
NN,person,4
JJ,new,35
NN,workplace,1
VBG,concerning,1
VB,Utilize,2
NN,COBOL,1
VBN,obligated,1
NN,enterprise,7
NN,cross,5
NN,worklife,1
NNS,contacts,2
